{
  "hash": "41048ee6",
  "configHash": "8d847500",
  "lockfileHash": "91915ebc",
  "browserHash": "001914e4",
  "optimized": {
    "@angular/common": {
      "src": "../../../../../../node_modules/@angular/common/fesm2022/common.mjs",
      "file": "@angular_common.js",
      "fileHash": "07cf17aa",
      "needsInterop": false
    },
    "@angular/common/http": {
      "src": "../../../../../../node_modules/@angular/common/fesm2022/http.mjs",
      "file": "@angular_common_http.js",
      "fileHash": "066a0e6d",
      "needsInterop": false
    },
    "@angular/core": {
      "src": "../../../../../../node_modules/@angular/core/fesm2022/core.mjs",
      "file": "@angular_core.js",
      "fileHash": "a8cae9a4",
      "needsInterop": false
    },
    "@angular/forms": {
      "src": "../../../../../../node_modules/@angular/forms/fesm2022/forms.mjs",
      "file": "@angular_forms.js",
      "fileHash": "539ba4e7",
      "needsInterop": false
    },
    "@angular/platform-browser": {
      "src": "../../../../../../node_modules/@angular/platform-browser/fesm2022/platform-browser.mjs",
      "file": "@angular_platform-browser.js",
      "fileHash": "359ecd87",
      "needsInterop": false
    },
    "@angular/router": {
      "src": "../../../../../../node_modules/@angular/router/fesm2022/router.mjs",
      "file": "@angular_router.js",
      "fileHash": "8702cff7",
      "needsInterop": false
    }
  },
  "chunks": {
    "chunk-NKNOXCPH": {
      "file": "chunk-NKNOXCPH.js"
    },
    "chunk-KEQJ64QG": {
      "file": "chunk-KEQJ64QG.js"
    },
    "chunk-U3FJ3BT6": {
      "file": "chunk-U3FJ3BT6.js"
    },
    "chunk-TXZMGFPN": {
      "file": "chunk-TXZMGFPN.js"
    }
  }
}