{
  "hash": "1ff564b4",
  "configHash": "8d847500",
  "lockfileHash": "2922cc9a",
  "browserHash": "a7784de9",
  "optimized": {
    "@angular/common": {
      "src": "../../../../../../node_modules/@angular/common/fesm2022/common.mjs",
      "file": "@angular_common.js",
      "fileHash": "5b21c2a7",
      "needsInterop": false
    },
    "@angular/common/http": {
      "src": "../../../../../../node_modules/@angular/common/fesm2022/http.mjs",
      "file": "@angular_common_http.js",
      "fileHash": "db5a09f1",
      "needsInterop": false
    },
    "@angular/core": {
      "src": "../../../../../../node_modules/@angular/core/fesm2022/core.mjs",
      "file": "@angular_core.js",
      "fileHash": "c08e38c9",
      "needsInterop": false
    },
    "@angular/forms": {
      "src": "../../../../../../node_modules/@angular/forms/fesm2022/forms.mjs",
      "file": "@angular_forms.js",
      "fileHash": "6fe614c6",
      "needsInterop": false
    },
    "@angular/platform-browser": {
      "src": "../../../../../../node_modules/@angular/platform-browser/fesm2022/platform-browser.mjs",
      "file": "@angular_platform-browser.js",
      "fileHash": "70ec9524",
      "needsInterop": false
    },
    "@angular/router": {
      "src": "../../../../../../node_modules/@angular/router/fesm2022/router.mjs",
      "file": "@angular_router.js",
      "fileHash": "72a9c01d",
      "needsInterop": false
    }
  },
  "chunks": {
    "chunk-NKNOXCPH": {
      "file": "chunk-NKNOXCPH.js"
    },
    "chunk-KEQJ64QG": {
      "file": "chunk-KEQJ64QG.js"
    },
    "chunk-U3FJ3BT6": {
      "file": "chunk-U3FJ3BT6.js"
    },
    "chunk-TXZMGFPN": {
      "file": "chunk-TXZMGFPN.js"
    }
  }
}